true_label,predicted_label,video_name,label_dataset
normal,phonecall,gE-28(File18)_s1_face_2019-03-15-10_23_30_28_0.avi_part1,normal_DMD
normal,phonecall,gE-28(File18)_s1_face_2019-03-15-10_23_30_28_0.avi_part2,normal_DMD
normal,phonecall,gE-28(File18)_s1_face_2019-03-15-10_23_30_28_1.avi_part1,normal_DMD
normal,phonecall,gE-28(File18)_s1_face_2019-03-15-10_23_30_28_10.avi_part1,normal_DMD
normal,phonecall,gE-28(File18)_s1_face_2019-03-15-10_23_30_28_12.avi_part1,normal_DMD
normal,phonecall,gE-28(File18)_s1_face_2019-03-15-10_23_30_28_13.avi_part1,normal_DMD
normal,phonecall,gE-28(File18)_s1_face_2019-03-15-10_23_30_28_13.avi_part2,normal_DMD
normal,phonecall,gE-28(File18)_s1_face_2019-03-15-10_23_30_28_14.avi_part1,normal_DMD
normal,phonecall,gE-28(File18)_s1_face_2019-03-15-10_23_30_28_16.avi_part1,normal_DMD
normal,phonecall,gE-28(File18)_s1_face_2019-03-15-10_23_30_28_18.avi_part12,normal_DMD
normal,phonecall,gE-28(File18)_s1_face_2019-03-15-10_23_30_28_18.avi_part7,normal_DMD
normal,phonecall,gE-28(File18)_s1_face_2019-03-15-10_23_30_28_18.avi_part8,normal_DMD
normal,phonecall,gE-28(File18)_s1_face_2019-03-15-10_23_30_28_18.avi_part9,normal_DMD
normal,phonecall,gE-28(File18)_s1_face_2019-03-15-10_23_30_28_23.avi_part1,normal_DMD
normal,phonecall,gE-28(File18)_s1_face_2019-03-15-10_23_30_28_24.avi_part1,normal_DMD
normal,phonecall,gE-28(File18)_s1_face_2019-03-15-10_23_30_28_24.avi_part3,normal_DMD
normal,phonecall,gE-28(File18)_s1_face_2019-03-15-10_23_30_28_24.avi_part4,normal_DMD
normal,phonecall,gE-28(File18)_s1_face_2019-03-15-10_23_30_28_27.avi_part2,normal_DMD
normal,phonecall,gE-28(File18)_s1_face_2019-03-15-10_23_30_28_3.avi_part2,normal_DMD
normal,phonecall,gE-28(File18)_s1_face_2019-03-15-10_23_30_28_3.avi_part3,normal_DMD
normal,phonecall,gE-28(File18)_s1_face_2019-03-15-10_23_30_28_9.avi_part1,normal_DMD
normal,phonecall,gE-28(File18)_s2_face_2019-03-15-10_12_30_28_0.avi_part1,normal_DMD
normal,phonecall,gE-28(File18)_s2_face_2019-03-15-10_12_30_28_1.avi_part2,normal_DMD
normal,phonecall,gE-28(File18)_s2_face_2019-03-15-10_12_30_28_12.avi_part2,normal_DMD
normal,phonecall,gE-28(File18)_s2_face_2019-03-15-10_12_30_28_13.avi_part1,normal_DMD
normal,phonecall,gE-28(File18)_s2_face_2019-03-15-10_12_30_28_14.avi_part1,normal_DMD
normal,phonecall,gE-28(File18)_s2_face_2019-03-15-10_12_30_28_15.avi_part3,normal_DMD
normal,phonecall,gE-28(File18)_s2_face_2019-03-15-10_12_30_28_15.avi_part4,normal_DMD
normal,phonecall,gE-28(File18)_s2_face_2019-03-15-10_12_30_28_16.avi_part1,normal_DMD
normal,phonecall,gE-28(File18)_s2_face_2019-03-15-10_12_30_28_2.avi_part1,normal_DMD
normal,phonecall,gE-28(File18)_s2_face_2019-03-15-10_12_30_28_3.avi_part1,normal_DMD
normal,phonecall,gE-28(File18)_s2_face_2019-03-15-10_12_30_28_4.avi_part1,normal_DMD
normal,phonecall,gE-28(File18)_s2_face_2019-03-15-10_12_30_28_4.avi_part3,normal_DMD
normal,phonecall,gE-28(File18)_s2_face_2019-03-15-10_12_30_28_5.avi_part1,normal_DMD
normal,phonecall,gE-28(File18)_s2_face_2019-03-15-10_12_30_28_6.avi_part2,normal_DMD
normal,phonecall,gE-28(File18)_s2_face_2019-03-15-10_12_30_28_8.avi_part1,normal_DMD
normal,phonecall,gE-28(File18)_s2_face_2019-03-15-10_12_30_28_8.avi_part3,normal_DMD
normal,phonecall,gE-28(File18)_s2_face_2019-03-15-10_12_30_28_9.avi_part1,normal_DMD
normal,phonecall,gE-28(File18)_s2_face_2019-03-15-10_12_30_28_9.avi_part4,normal_DMD
normal,phonecall,gE-28(File18)_s4_face_2019-03-21-10_19_50_28_13.avi_part1,normal_DMD
normal,phonecall,gE-28(File18)_s4_face_2019-03-21-10_19_50_28_2.avi_part2,normal_DMD
normal,phonecall,gE-28(File18)_s4_face_2019-03-21-10_19_50_28_20.avi_part3,normal_DMD
normal,phonecall,gE-28(File18)_s4_face_2019-03-21-10_19_50_28_23.avi_part2,normal_DMD
normal,phonecall,gE-28(File18)_s4_face_2019-03-21-10_19_50_28_4.avi_part1,normal_DMD
normal,phonecall,gE-28(File18)_s4_face_2019-03-21-10_19_50_28_5.avi_part2,normal_DMD
normal,phonecall,gE-28(File18)_s4_face_2019-03-21-10_19_50_28_6.avi_part2,normal_DMD
normal,phonecall,gE-28(File18)_s4_face_2019-03-21-10_19_50_28_7.avi_part4,normal_DMD
normal,phonecall,gE-28(File18)_s4_face_2019-03-21-10_19_50_28_8.avi_part1,normal_DMD
normal,phonecall,gE-28(File18)_s4_face_2019-03-21-10_19_50_28_8.avi_part2,normal_DMD
normal,phonecall,gE-28(File18)_s4_face_2019-03-21-10_19_50_28_8.avi_part3,normal_DMD
normal,phonecall,gF-22(File21)_s1_face_2019-03-04-14_54_55_22_0.avi_part3,normal_DMD
normal,phonecall,gF-22(File21)_s1_face_2019-03-04-14_54_55_22_0.avi_part4,normal_DMD
normal,phonecall,gF-22(File21)_s1_face_2019-03-04-14_54_55_22_0.avi_part5,normal_DMD
normal,phonecall,gF-22(File21)_s1_face_2019-03-04-14_54_55_22_0.avi_part6,normal_DMD
normal,phonecall,gF-22(File21)_s1_face_2019-03-04-14_54_55_22_10.avi_part1,normal_DMD
normal,phonecall,gF-22(File21)_s1_face_2019-03-04-14_54_55_22_12.avi_part1,normal_DMD
normal,phonecall,gF-22(File21)_s1_face_2019-03-04-14_54_55_22_12.avi_part3,normal_DMD
normal,phonecall,gF-22(File21)_s1_face_2019-03-04-14_54_55_22_12.avi_part4,normal_DMD
normal,yawn,gF-22(File21)_s1_face_2019-03-04-14_54_55_22_13.avi_part2,normal_DMD
normal,phonecall,gF-22(File21)_s1_face_2019-03-04-14_54_55_22_13.avi_part4,normal_DMD
normal,phonecall,gF-22(File21)_s1_face_2019-03-04-14_54_55_22_19.avi_part1,normal_DMD
normal,phonecall,gF-22(File21)_s1_face_2019-03-04-14_54_55_22_19.avi_part2,normal_DMD
normal,phonecall,gF-22(File21)_s1_face_2019-03-04-14_54_55_22_21.avi_part1,normal_DMD
normal,phonecall,gF-22(File21)_s1_face_2019-03-04-14_54_55_22_22.avi_part1,normal_DMD
normal,phonecall,gF-22(File21)_s1_face_2019-03-04-14_54_55_22_23.avi_part1,normal_DMD
normal,phonecall,gF-22(File21)_s1_face_2019-03-04-14_54_55_22_23.avi_part10,normal_DMD
normal,phonecall,gF-22(File21)_s1_face_2019-03-04-14_54_55_22_23.avi_part11,normal_DMD
normal,phonecall,gF-22(File21)_s1_face_2019-03-04-14_54_55_22_23.avi_part2,normal_DMD
normal,phonecall,gF-22(File21)_s1_face_2019-03-04-14_54_55_22_23.avi_part3,normal_DMD
normal,phonecall,gF-22(File21)_s1_face_2019-03-04-14_54_55_22_23.avi_part4,normal_DMD
normal,phonecall,gF-22(File21)_s1_face_2019-03-04-14_54_55_22_23.avi_part5,normal_DMD
normal,phonecall,gF-22(File21)_s1_face_2019-03-04-14_54_55_22_23.avi_part7,normal_DMD
normal,phonecall,gF-22(File21)_s1_face_2019-03-04-14_54_55_22_23.avi_part9,normal_DMD
normal,phonecall,gF-22(File21)_s1_face_2019-03-04-14_54_55_22_9.avi_part1,normal_DMD
normal,phonecall,gF-22(File21)_s1_face_2019-03-04-14_54_55_22_9.avi_part2,normal_DMD
normal,phonecall,gF-22(File21)_s1_face_2019-03-04-14_54_55_22_9.avi_part3,normal_DMD
normal,phonecall,gF-22(File21)_s1_face_2019-03-04-14_54_55_22_9.avi_part4,normal_DMD
normal,phonecall,gF-22(File21)_s1_face_2019-03-04-14_54_55_22_9.avi_part7,normal_DMD
normal,phonecall,gF-22(File21)_s1_face_2019-04-09-11_57_30_22_0.avi_part1,normal_DMD
normal,phonecall,gF-22(File21)_s1_face_2019-04-09-11_57_30_22_0.avi_part3,normal_DMD
normal,phonecall,gF-22(File21)_s1_face_2019-04-09-11_57_30_22_0.avi_part4,normal_DMD
normal,phonecall,gF-22(File21)_s1_face_2019-04-09-11_57_30_22_0.avi_part5,normal_DMD
normal,phonecall,gF-22(File21)_s1_face_2019-04-09-11_57_30_22_1.avi_part1,normal_DMD
normal,phonecall,gF-22(File21)_s1_face_2019-04-09-11_57_30_22_1.avi_part2,normal_DMD
normal,phonecall,gF-22(File21)_s1_face_2019-04-09-11_57_30_22_1.avi_part3,normal_DMD
normal,phonecall,gF-22(File21)_s1_face_2019-04-09-11_57_30_22_1.avi_part4,normal_DMD
normal,phonecall,gF-22(File21)_s1_face_2019-04-09-11_57_30_22_1.avi_part6,normal_DMD
normal,phonecall,gF-22(File21)_s1_face_2019-04-09-11_57_30_22_11.avi_part1,normal_DMD
normal,phonecall,gF-22(File21)_s1_face_2019-04-09-11_57_30_22_11.avi_part4,normal_DMD
normal,yawn,gF-22(File21)_s1_face_2019-04-09-11_57_30_22_12.avi_part2,normal_DMD
normal,phonecall,gF-22(File21)_s1_face_2019-04-09-11_57_30_22_12.avi_part5,normal_DMD
normal,phonecall,gF-22(File21)_s1_face_2019-04-09-11_57_30_22_13.avi_part1,normal_DMD
normal,phonecall,gF-22(File21)_s1_face_2019-04-09-11_57_30_22_13.avi_part10,normal_DMD
normal,phonecall,gF-22(File21)_s1_face_2019-04-09-11_57_30_22_13.avi_part2,normal_DMD
normal,phonecall,gF-22(File21)_s1_face_2019-04-09-11_57_30_22_13.avi_part4,normal_DMD
normal,phonecall,gF-22(File21)_s1_face_2019-04-09-11_57_30_22_13.avi_part5,normal_DMD
normal,phonecall,gF-22(File21)_s1_face_2019-04-09-11_57_30_22_13.avi_part6,normal_DMD
normal,phonecall,gF-22(File21)_s1_face_2019-04-09-11_57_30_22_13.avi_part7,normal_DMD
normal,phonecall,gF-22(File21)_s1_face_2019-04-09-11_57_30_22_13.avi_part8,normal_DMD
normal,phonecall,gF-22(File21)_s1_face_2019-04-09-11_57_30_22_14.avi_part1,normal_DMD
normal,phonecall,gF-22(File21)_s1_face_2019-04-09-11_57_30_22_14.avi_part2,normal_DMD
normal,phonecall,gF-22(File21)_s1_face_2019-04-09-11_57_30_22_14.avi_part3,normal_DMD
normal,phonecall,gF-22(File21)_s1_face_2019-04-09-11_57_30_22_14.avi_part4,normal_DMD
normal,phonecall,gF-22(File21)_s1_face_2019-04-09-11_57_30_22_14.avi_part5,normal_DMD
normal,phonecall,gF-22(File21)_s1_face_2019-04-09-11_57_30_22_14.avi_part6,normal_DMD
normal,phonecall,gF-22(File21)_s1_face_2019-04-09-11_57_30_22_15.avi_part2,normal_DMD
normal,phonecall,gF-22(File21)_s1_face_2019-04-09-11_57_30_22_15.avi_part3,normal_DMD
normal,phonecall,gF-22(File21)_s1_face_2019-04-09-11_57_30_22_15.avi_part4,normal_DMD
normal,phonecall,gF-22(File21)_s1_face_2019-04-09-11_57_30_22_15.avi_part5,normal_DMD
normal,phonecall,gF-22(File21)_s1_face_2019-04-09-11_57_30_22_15.avi_part6,normal_DMD
normal,phonecall,gF-22(File21)_s1_face_2019-04-09-11_57_30_22_19.avi_part1,normal_DMD
normal,phonecall,gF-22(File21)_s1_face_2019-04-09-11_57_30_22_19.avi_part2,normal_DMD
normal,phonecall,gF-22(File21)_s1_face_2019-04-09-11_57_30_22_2.avi_part1,normal_DMD
normal,phonecall,gF-22(File21)_s1_face_2019-04-09-11_57_30_22_2.avi_part2,normal_DMD
normal,phonecall,gF-22(File21)_s1_face_2019-04-09-11_57_30_22_2.avi_part3,normal_DMD
normal,phonecall,gF-22(File21)_s1_face_2019-04-09-11_57_30_22_2.avi_part4,normal_DMD
normal,phonecall,gF-22(File21)_s1_face_2019-04-09-11_57_30_22_21.avi_part1,normal_DMD
normal,phonecall,gF-22(File21)_s1_face_2019-04-09-11_57_30_22_21.avi_part4,normal_DMD
normal,phonecall,gF-22(File21)_s1_face_2019-04-09-11_57_30_22_21.avi_part5,normal_DMD
normal,phonecall,gF-22(File21)_s1_face_2019-04-09-11_57_30_22_21.avi_part6,normal_DMD
normal,phonecall,gF-22(File21)_s1_face_2019-04-09-11_57_30_22_22.avi_part1,normal_DMD
normal,phonecall,gF-22(File21)_s1_face_2019-04-09-11_57_30_22_22.avi_part2,normal_DMD
normal,phonecall,gF-22(File21)_s1_face_2019-04-09-11_57_30_22_22.avi_part3,normal_DMD
normal,phonecall,gF-22(File21)_s1_face_2019-04-09-11_57_30_22_22.avi_part4,normal_DMD
normal,phonecall,gF-22(File21)_s1_face_2019-04-09-11_57_30_22_22.avi_part5,normal_DMD
normal,phonecall,gF-22(File21)_s1_face_2019-04-09-11_57_30_22_5.avi_part1,normal_DMD
normal,phonecall,gF-22(File21)_s1_face_2019-04-09-11_57_30_22_7.avi_part1,normal_DMD
normal,phonecall,gF-22(File21)_s2_face_2019-03-04-14_47_01_22_0.avi_part1,normal_DMD
normal,phonecall,gF-22(File21)_s2_face_2019-03-04-14_47_01_22_0.avi_part2,normal_DMD
normal,phonecall,gF-22(File21)_s2_face_2019-03-04-14_47_01_22_0.avi_part5,normal_DMD
normal,phonecall,gF-22(File21)_s2_face_2019-03-04-14_47_01_22_10.avi_part1,normal_DMD
normal,phonecall,gF-22(File21)_s2_face_2019-03-04-14_47_01_22_10.avi_part4,normal_DMD
normal,phonecall,gF-22(File21)_s2_face_2019-03-04-14_47_01_22_11.avi_part1,normal_DMD
normal,phonecall,gF-22(File21)_s2_face_2019-03-04-14_47_01_22_11.avi_part2,normal_DMD
normal,phonecall,gF-22(File21)_s2_face_2019-03-04-14_47_01_22_2.avi_part1,normal_DMD
normal,phonecall,gF-22(File21)_s2_face_2019-03-04-14_47_01_22_2.avi_part3,normal_DMD
normal,phonecall,gF-22(File21)_s2_face_2019-03-04-14_47_01_22_2.avi_part4,normal_DMD
normal,phonecall,gF-22(File21)_s2_face_2019-03-04-14_47_01_22_4.avi_part1,normal_DMD
normal,phonecall,gF-22(File21)_s2_face_2019-03-04-14_47_01_22_4.avi_part2,normal_DMD
normal,phonecall,gF-22(File21)_s2_face_2019-03-04-14_47_01_22_7.avi_part1,normal_DMD
normal,phonecall,gF-22(File21)_s2_face_2019-03-04-14_47_01_22_7.avi_part4,normal_DMD
normal,phonecall,gF-22(File21)_s2_face_2019-03-04-14_47_01_22_9.avi_part3,normal_DMD
normal,phonecall,gF-22(File21)_s2_face_2019-04-09-11_41_13_22_0.avi_part1,normal_DMD
normal,phonecall,gF-22(File21)_s2_face_2019-04-09-11_41_13_22_0.avi_part2,normal_DMD
normal,phonecall,gF-22(File21)_s2_face_2019-04-09-11_41_13_22_0.avi_part3,normal_DMD
normal,phonecall,gF-22(File21)_s2_face_2019-04-09-11_41_13_22_0.avi_part4,normal_DMD
normal,phonecall,gF-22(File21)_s2_face_2019-04-09-11_41_13_22_0.avi_part5,normal_DMD
normal,phonecall,gF-22(File21)_s2_face_2019-04-09-11_41_13_22_0.avi_part6,normal_DMD
normal,phonecall,gF-22(File21)_s2_face_2019-04-09-11_41_13_22_0.avi_part7,normal_DMD
normal,phonecall,gF-22(File21)_s2_face_2019-04-09-11_41_13_22_1.avi_part1,normal_DMD
normal,phonecall,gF-22(File21)_s2_face_2019-04-09-11_41_13_22_1.avi_part2,normal_DMD
normal,phonecall,gF-22(File21)_s2_face_2019-04-09-11_41_13_22_1.avi_part3,normal_DMD
normal,phonecall,gF-22(File21)_s2_face_2019-04-09-11_41_13_22_1.avi_part4,normal_DMD
normal,phonecall,gF-22(File21)_s2_face_2019-04-09-11_41_13_22_1.avi_part5,normal_DMD
normal,phonecall,gF-22(File21)_s2_face_2019-04-09-11_41_13_22_10.avi_part1,normal_DMD
normal,phonecall,gF-22(File21)_s2_face_2019-04-09-11_41_13_22_10.avi_part2,normal_DMD
normal,phonecall,gF-22(File21)_s2_face_2019-04-09-11_41_13_22_10.avi_part3,normal_DMD
normal,phonecall,gF-22(File21)_s2_face_2019-04-09-11_41_13_22_2.avi_part1,normal_DMD
normal,phonecall,gF-22(File21)_s2_face_2019-04-09-11_41_13_22_2.avi_part2,normal_DMD
normal,phonecall,gF-22(File21)_s2_face_2019-04-09-11_41_13_22_2.avi_part3,normal_DMD
normal,phonecall,gF-22(File21)_s2_face_2019-04-09-11_41_13_22_2.avi_part4,normal_DMD
normal,phonecall,gF-22(File21)_s2_face_2019-04-09-11_41_13_22_2.avi_part5,normal_DMD
normal,phonecall,gF-22(File21)_s2_face_2019-04-09-11_41_13_22_3.avi_part4,normal_DMD
normal,phonecall,gF-22(File21)_s2_face_2019-04-09-11_41_13_22_3.avi_part5,normal_DMD
normal,phonecall,gF-22(File21)_s2_face_2019-04-09-11_41_13_22_3.avi_part6,normal_DMD
normal,phonecall,gF-22(File21)_s2_face_2019-04-09-11_41_13_22_4.avi_part3,normal_DMD
normal,phonecall,gF-22(File21)_s2_face_2019-04-09-11_41_13_22_6.avi_part1,normal_DMD
normal,phonecall,gF-22(File21)_s2_face_2019-04-09-11_41_13_22_6.avi_part2,normal_DMD
normal,phonecall,gF-22(File21)_s2_face_2019-04-09-11_41_13_22_6.avi_part4,normal_DMD
normal,phonecall,gF-22(File21)_s2_face_2019-04-09-11_41_13_22_7.avi_part2,normal_DMD
normal,phonecall,gF-22(File21)_s2_face_2019-04-09-11_41_13_22_7.avi_part3,normal_DMD
normal,phonecall,gF-22(File21)_s2_face_2019-04-09-11_41_13_22_9.avi_part1,normal_DMD
normal,phonecall,gF-22(File21)_s3_face_2019-04-09-11_55_31_22_0.avi_part1,normal_DMD
normal,phonecall,gF-22(File21)_s3_face_2019-04-09-11_55_31_22_0.avi_part10,normal_DMD
normal,phonecall,gF-22(File21)_s3_face_2019-04-09-11_55_31_22_0.avi_part2,normal_DMD
normal,phonecall,gF-22(File21)_s3_face_2019-04-09-11_55_31_22_0.avi_part3,normal_DMD
normal,phonecall,gF-22(File21)_s3_face_2019-04-09-11_55_31_22_0.avi_part4,normal_DMD
normal,phonecall,gF-22(File21)_s3_face_2019-04-09-11_55_31_22_0.avi_part6,normal_DMD
normal,phonecall,gF-22(File21)_s3_face_2019-04-09-11_55_31_22_0.avi_part7,normal_DMD
normal,phonecall,gF-22(File21)_s3_face_2019-04-09-11_55_31_22_1.avi_part1,normal_DMD
normal,phonecall,gF-22(File21)_s3_face_2019-04-09-11_55_31_22_1.avi_part2,normal_DMD
normal,phonecall,gF-22(File21)_s3_face_2019-04-09-11_55_31_22_2.avi_part4,normal_DMD
normal,phonecall,gF-22(File21)_s3_face_2019-04-09-11_55_31_22_2.avi_part5,normal_DMD
normal,phonecall,gF-22(File21)_s3_face_2019-04-09-11_55_31_22_2.avi_part6,normal_DMD
normal,phonecall,gF-22(File21)_s3_face_2019-04-29-10_06_23_22_0.avi_part10,normal_DMD
normal,phonecall,gF-22(File21)_s3_face_2019-04-29-10_06_23_22_1.avi_part2,normal_DMD
normal,phonecall,gF-22(File21)_s4_face_2019-03-20-09_53_15_22_0.avi_part1,normal_DMD
normal,phonecall,gF-22(File21)_s4_face_2019-03-20-09_53_15_22_0.avi_part6,normal_DMD
normal,phonecall,gF-22(File21)_s4_face_2019-03-20-09_53_15_22_1.avi_part2,normal_DMD
normal,phonecall,gF-22(File21)_s4_face_2019-03-20-09_53_15_22_15.avi_part1,normal_DMD
normal,phonecall,gF-22(File21)_s4_face_2019-03-20-09_53_15_22_19.avi_part2,normal_DMD
normal,phonecall,gF-22(File21)_s4_face_2019-03-20-09_53_15_22_24.avi_part1,normal_DMD
normal,phonecall,gF-22(File21)_s4_face_2019-03-20-09_53_15_22_26.avi_part1,normal_DMD
normal,phonecall,gF-22(File21)_s4_face_2019-03-20-09_53_15_22_26.avi_part2,normal_DMD
normal,phonecall,gF-22(File21)_s4_face_2019-03-20-09_53_15_22_26.avi_part3,normal_DMD
normal,phonecall,gF-22(File21)_s4_face_2019-03-20-09_53_15_22_28.avi_part1,normal_DMD
normal,phonecall,gF-22(File21)_s4_face_2019-03-20-09_53_15_22_3.avi_part2,normal_DMD
normal,phonecall,gF-22(File21)_s4_face_2019-03-20-09_53_15_22_6.avi_part2,normal_DMD
normal,phonecall,gF-22(File21)_s4_face_2019-03-20-09_53_15_22_6.avi_part3,normal_DMD
normal,phonecall,gF-22(File21)_s4_face_2019-03-20-09_53_15_22_6.avi_part4,normal_DMD
normal,phonecall,gF-22(File21)_s4_face_2019-03-20-09_53_15_22_7.avi_part2,normal_DMD
normal,phonecall,gF-22(File21)_s4_face_2019-03-20-09_53_15_22_8.avi_part2,normal_DMD
normal,phonecall,gF-22(File21)_s4_face_2019-03-25-14_22_00_22_0.avi_part6,normal_DMD
normal,phonecall,gF-22(File21)_s4_face_2019-03-25-14_22_00_22_11.avi_part1,normal_DMD
normal,phonecall,gF-22(File21)_s4_face_2019-03-25-14_22_00_22_11.avi_part2,normal_DMD
normal,phonecall,gF-22(File21)_s4_face_2019-03-25-14_22_00_22_12.avi_part2,normal_DMD
normal,phonecall,gF-22(File21)_s4_face_2019-03-25-14_22_00_22_13.avi_part1,normal_DMD
normal,phonecall,gF-22(File21)_s4_face_2019-03-25-14_22_00_22_13.avi_part2,normal_DMD
normal,phonecall,gF-22(File21)_s4_face_2019-03-25-14_22_00_22_14.avi_part1,normal_DMD
normal,phonecall,gF-22(File21)_s4_face_2019-03-25-14_22_00_22_14.avi_part2,normal_DMD
normal,phonecall,gF-22(File21)_s4_face_2019-03-25-14_22_00_22_14.avi_part3,normal_DMD
normal,phonecall,gF-22(File21)_s4_face_2019-03-25-14_22_00_22_14.avi_part4,normal_DMD
normal,phonecall,gF-22(File21)_s4_face_2019-03-25-14_22_00_22_14.avi_part5,normal_DMD
normal,phonecall,gF-22(File21)_s4_face_2019-03-25-14_22_00_22_14.avi_part6,normal_DMD
normal,phonecall,gF-22(File21)_s4_face_2019-03-25-14_22_00_22_14.avi_part7,normal_DMD
normal,phonecall,gF-22(File21)_s4_face_2019-03-25-14_22_00_22_14.avi_part8,normal_DMD
normal,phonecall,gF-22(File21)_s4_face_2019-03-25-14_22_00_22_16.avi_part1,normal_DMD
normal,phonecall,gF-22(File21)_s4_face_2019-03-25-14_22_00_22_2.avi_part1,normal_DMD
normal,phonecall,gF-22(File21)_s4_face_2019-03-25-14_22_00_22_2.avi_part2,normal_DMD
normal,phonecall,gF-22(File21)_s4_face_2019-03-25-14_22_00_22_2.avi_part3,normal_DMD
normal,phonecall,gF-22(File21)_s4_face_2019-03-25-14_22_00_22_20.avi_part1,normal_DMD
normal,phonecall,gF-22(File21)_s4_face_2019-03-25-14_22_00_22_20.avi_part2,normal_DMD
normal,phonecall,gF-22(File21)_s4_face_2019-03-25-14_22_00_22_24.avi_part1,normal_DMD
normal,phonecall,gF-22(File21)_s4_face_2019-03-25-14_22_00_22_25.avi_part1,normal_DMD
normal,phonecall,gF-22(File21)_s4_face_2019-03-25-14_22_00_22_25.avi_part2,normal_DMD
normal,phonecall,gF-22(File21)_s4_face_2019-03-25-14_22_00_22_4.avi_part1,normal_DMD
normal,phonecall,gF-22(File21)_s4_face_2019-03-25-14_22_00_22_5.avi_part1,normal_DMD
normal,phonecall,gF-22(File21)_s4_face_2019-03-25-14_22_00_22_5.avi_part2,normal_DMD
normal,phonecall,gF-22(File21)_s4_face_2019-03-25-14_22_00_22_5.avi_part3,normal_DMD
normal,phonecall,gZ-33(File27)_s1_face_2019-04-08-10_08_19_33_1.avi_part2,normal_DMD
normal,phonecall,gZ-33(File27)_s1_face_2019-04-08-10_08_19_33_14.avi_part1,normal_DMD
normal,phonecall,gZ-33(File27)_s1_face_2019-04-08-10_08_19_33_16.avi_part1,normal_DMD
normal,yawn,gZ-33(File27)_s1_face_2019-04-08-10_08_19_33_21.avi_part1,normal_DMD
normal,phonecall,gZ-33(File27)_s1_face_2019-04-08-10_08_19_33_21.avi_part10,normal_DMD
normal,phonecall,gZ-33(File27)_s1_face_2019-04-08-10_08_19_33_21.avi_part3,normal_DMD
normal,yawn,gZ-33(File27)_s1_face_2019-04-08-10_08_19_33_21.avi_part5,normal_DMD
normal,phonecall,gZ-33(File27)_s1_face_2019-04-08-10_08_19_33_21.avi_part6,normal_DMD
normal,yawn,gZ-33(File27)_s1_face_2019-04-08-10_08_19_33_21.avi_part7,normal_DMD
normal,phonecall,gZ-33(File27)_s1_face_2019-04-08-10_08_19_33_22.avi_part2,normal_DMD
normal,phonecall,gZ-33(File27)_s1_face_2019-04-08-10_08_19_33_22.avi_part3,normal_DMD
normal,phonecall,gZ-33(File27)_s1_face_2019-04-08-10_08_19_33_25.avi_part1,normal_DMD
normal,phonecall,gZ-33(File27)_s1_face_2019-04-08-10_08_19_33_25.avi_part2,normal_DMD
normal,phonecall,gZ-33(File27)_s1_face_2019-04-08-10_08_19_33_28.avi_part1,normal_DMD
normal,phonecall,gZ-33(File27)_s1_face_2019-04-08-10_08_19_33_29.avi_part1,normal_DMD
normal,phonecall,gZ-33(File27)_s1_face_2019-04-08-10_08_19_33_29.avi_part3,normal_DMD
normal,phonecall,gZ-33(File27)_s1_face_2019-04-08-10_08_19_33_3.avi_part2,normal_DMD
normal,phonecall,gZ-33(File27)_s1_face_2019-04-08-10_08_19_33_30.avi_part1,normal_DMD
normal,phonecall,gZ-33(File27)_s1_face_2019-04-08-10_08_19_33_31.avi_part1,normal_DMD
normal,phonecall,gZ-33(File27)_s1_face_2019-04-08-10_08_19_33_31.avi_part2,normal_DMD
normal,phonecall,gZ-33(File27)_s1_face_2019-04-08-10_08_19_33_9.avi_part2,normal_DMD
normal,phonecall,gZ-33(File27)_s1_face_2019-04-08-16_18_54_33_0.avi_part1,normal_DMD
normal,phonecall,gZ-33(File27)_s1_face_2019-04-08-16_18_54_33_0.avi_part2,normal_DMD
normal,phonecall,gZ-33(File27)_s1_face_2019-04-08-16_18_54_33_18.avi_part1,normal_DMD
normal,phonecall,gZ-33(File27)_s1_face_2019-04-08-16_18_54_33_18.avi_part2,normal_DMD
normal,phonecall,gZ-33(File27)_s1_face_2019-04-08-16_18_54_33_18.avi_part3,normal_DMD
normal,phonecall,gZ-33(File27)_s1_face_2019-04-08-16_18_54_33_18.avi_part4,normal_DMD
normal,phonecall,gZ-33(File27)_s1_face_2019-04-08-16_18_54_33_19.avi_part2,normal_DMD
normal,phonecall,gZ-33(File27)_s1_face_2019-04-08-16_18_54_33_23.avi_part1,normal_DMD
normal,phonecall,gZ-33(File27)_s1_face_2019-04-08-16_18_54_33_25.avi_part2,normal_DMD
normal,phonecall,gZ-33(File27)_s1_face_2019-04-08-16_18_54_33_27.avi_part2,normal_DMD
normal,yawn,gZ-33(File27)_s1_face_2019-04-08-16_18_54_33_28.avi_part1,normal_DMD
normal,yawn,gZ-33(File27)_s1_face_2019-04-08-16_18_54_33_28.avi_part2,normal_DMD
normal,phonecall,gZ-33(File27)_s1_face_2019-04-08-16_18_54_33_29.avi_part1,normal_DMD
normal,phonecall,gZ-33(File27)_s1_face_2019-04-08-16_18_54_33_30.avi_part1,normal_DMD
normal,yawn,gZ-33(File27)_s1_face_2019-04-08-16_18_54_33_31.avi_part1,normal_DMD
normal,phonecall,gZ-33(File27)_s1_face_2019-04-08-16_18_54_33_31.avi_part2,normal_DMD
normal,phonecall,gZ-33(File27)_s1_face_2019-04-08-16_18_54_33_31.avi_part3,normal_DMD
normal,phonecall,gZ-33(File27)_s1_face_2019-04-08-16_18_54_33_34.avi_part1,normal_DMD
normal,phonecall,gZ-33(File27)_s1_face_2019-04-08-16_18_54_33_37.avi_part1,normal_DMD
normal,phonecall,gZ-33(File27)_s1_face_2019-04-08-16_18_54_33_37.avi_part3,normal_DMD
normal,phonecall,gZ-33(File27)_s1_face_2019-04-08-16_18_54_33_8.avi_part1,normal_DMD
normal,phonecall,gZ-33(File27)_s1_face_2019-04-08-16_18_54_33_8.avi_part2,normal_DMD
normal,phonecall,gZ-33(File27)_s2_face_2019-04-08-09_59_25_33_10.avi_part1,normal_DMD
normal,phonecall,gZ-33(File27)_s2_face_2019-04-08-09_59_25_33_12.avi_part3,normal_DMD
normal,phonecall,gZ-33(File27)_s2_face_2019-04-08-09_59_25_33_14.avi_part1,normal_DMD
normal,phonecall,gZ-33(File27)_s2_face_2019-04-08-09_59_25_33_15.avi_part2,normal_DMD
normal,phonecall,gZ-33(File27)_s2_face_2019-04-08-09_59_25_33_17.avi_part1,normal_DMD
normal,phonecall,gZ-33(File27)_s2_face_2019-04-08-09_59_25_33_2.avi_part2,normal_DMD
normal,phonecall,gZ-33(File27)_s2_face_2019-04-08-09_59_25_33_20.avi_part2,normal_DMD
normal,phonecall,gZ-33(File27)_s2_face_2019-04-08-09_59_25_33_5.avi_part1,normal_DMD
normal,phonecall,gZ-33(File27)_s2_face_2019-04-08-09_59_25_33_5.avi_part2,normal_DMD
normal,phonecall,gZ-33(File27)_s2_face_2019-04-08-09_59_25_33_6.avi_part1,normal_DMD
normal,phonecall,gZ-33(File27)_s2_face_2019-04-08-09_59_25_33_6.avi_part3,normal_DMD
normal,phonecall,gZ-33(File27)_s2_face_2019-04-08-09_59_25_33_7.avi_part1,normal_DMD
normal,phonecall,gZ-33(File27)_s2_face_2019-04-08-09_59_25_33_7.avi_part2,normal_DMD
normal,phonecall,gZ-33(File27)_s2_face_2019-04-08-09_59_25_33_7.avi_part6,normal_DMD
normal,phonecall,gZ-33(File27)_s2_face_2019-04-08-09_59_25_33_8.avi_part2,normal_DMD
normal,phonecall,gZ-33(File27)_s2_face_2019-04-08-09_59_25_33_8.avi_part4,normal_DMD
normal,phonecall,gZ-33(File27)_s2_face_2019-04-08-16_09_44_33_0.avi_part2,normal_DMD
normal,phonecall,gZ-33(File27)_s2_face_2019-04-08-16_09_44_33_0.avi_part5,normal_DMD
normal,phonecall,gZ-33(File27)_s2_face_2019-04-08-16_09_44_33_11.avi_part2,normal_DMD
normal,phonecall,gZ-33(File27)_s2_face_2019-04-08-16_09_44_33_12.avi_part1,normal_DMD
normal,phonecall,gZ-33(File27)_s2_face_2019-04-08-16_09_44_33_12.avi_part3,normal_DMD
normal,phonecall,gZ-33(File27)_s2_face_2019-04-08-16_09_44_33_13.avi_part1,normal_DMD
normal,phonecall,gZ-33(File27)_s2_face_2019-04-08-16_09_44_33_16.avi_part3,normal_DMD
normal,phonecall,gZ-33(File27)_s2_face_2019-04-08-16_09_44_33_18.avi_part2,normal_DMD
normal,phonecall,gZ-33(File27)_s2_face_2019-04-08-16_09_44_33_19.avi_part1,normal_DMD
normal,phonecall,gZ-33(File27)_s2_face_2019-04-08-16_09_44_33_20.avi_part1,normal_DMD
normal,phonecall,gZ-33(File27)_s2_face_2019-04-08-16_09_44_33_23.avi_part1,normal_DMD
normal,phonecall,gZ-33(File27)_s2_face_2019-04-08-16_09_44_33_25.avi_part1,normal_DMD
normal,phonecall,gZ-33(File27)_s2_face_2019-04-08-16_09_44_33_5.avi_part2,normal_DMD
normal,phonecall,gZ-33(File27)_s2_face_2019-04-08-16_09_44_33_5.avi_part4,normal_DMD
normal,phonecall,gZ-33(File27)_s2_face_2019-04-08-16_09_44_33_5.avi_part5,normal_DMD
normal,phonecall,gZ-33(File27)_s3_face_2019-04-04-09_33_20_33_1.avi_part5,normal_DMD
normal,phonecall,gZ-33(File27)_s3_face_2019-04-04-09_33_20_33_1.avi_part6,normal_DMD
normal,phonecall,gZ-33(File27)_s3_face_2019-04-04-09_33_20_33_2.avi_part5,normal_DMD
normal,phonecall,gZ-33(File27)_s3_face_2019-04-04-09_33_20_33_3.avi_part1,normal_DMD
normal,phonecall,gZ-33(File27)_s3_face_2019-04-04-09_33_20_33_4.avi_part2,normal_DMD
normal,phonecall,gZ-33(File27)_s3_face_2019-04-04-09_33_20_33_4.avi_part3,normal_DMD
normal,phonecall,gZ-33(File27)_s3_face_2019-04-04-09_33_20_33_4.avi_part4,normal_DMD
normal,phonecall,gZ-33(File27)_s3_face_2019-04-04-15_06_45_33_3.avi_part2,normal_DMD
normal,phonecall,gZ-33(File27)_s3_face_2019-04-04-15_06_45_33_3.avi_part3,normal_DMD
normal,phonecall,gZ-33(File27)_s3_face_2019-04-04-15_06_45_33_3.avi_part4,normal_DMD
normal,phonecall,gZ-33(File27)_s3_face_2019-04-04-15_06_45_33_4.avi_part2,normal_DMD
normal,phonecall,gZ-33(File27)_s3_face_2019-04-04-15_06_45_33_4.avi_part4,normal_DMD
normal,phonecall,gZ-33(File27)_s3_face_2019-04-04-15_06_45_33_4.avi_part5,normal_DMD
normal,phonecall,gZ-33(File27)_s4_face_2019-04-02-09_08_46_33_0.avi_part1,normal_DMD
normal,phonecall,gZ-33(File27)_s4_face_2019-04-02-09_08_46_33_13.avi_part2,normal_DMD
normal,phonecall,gZ-33(File27)_s4_face_2019-04-02-09_08_46_33_22.avi_part2,normal_DMD
normal,phonecall,gZ-33(File27)_s4_face_2019-04-02-09_08_46_33_22.avi_part3,normal_DMD
normal,phonecall,gZ-33(File27)_s4_face_2019-04-02-09_08_46_33_30.avi_part1,normal_DMD
normal,phonecall,gZ-33(File27)_s4_face_2019-04-02-09_08_46_33_39.avi_part1,normal_DMD
normal,phonecall,gZ-33(File27)_s4_face_2019-04-03-09_22_03_33_1.avi_part1,normal_DMD
normal,phonecall,gZ-33(File27)_s4_face_2019-04-03-09_22_03_33_15.avi_part1,normal_DMD
normal,phonecall,gZ-33(File27)_s4_face_2019-04-03-09_22_03_33_16.avi_part1,normal_DMD
normal,phonecall,gZ-33(File27)_s4_face_2019-04-03-09_22_03_33_20.avi_part1,normal_DMD
normal,phonecall,gZ-33(File27)_s4_face_2019-04-03-09_22_03_33_25.avi_part2,normal_DMD
normal,phonecall,gZ-33(File27)_s4_face_2019-04-03-09_22_03_33_29.avi_part1,normal_DMD
normal,phonecall,gZ-37(File31)_s1_face_2019-04-08-15_56_41_37_0.avi_part1,normal_DMD
normal,phonecall,gZ-37(File31)_s1_face_2019-04-08-15_56_41_37_14.avi_part2,normal_DMD
normal,phonecall,gZ-37(File31)_s1_face_2019-04-08-15_56_41_37_14.avi_part4,normal_DMD
normal,phonecall,gZ-37(File31)_s1_face_2019-04-08-15_56_41_37_14.avi_part5,normal_DMD
normal,phonecall,gZ-37(File31)_s1_face_2019-04-08-15_56_41_37_15.avi_part2,normal_DMD
normal,phonecall,gZ-37(File31)_s1_face_2019-04-08-15_56_41_37_16.avi_part1,normal_DMD
normal,phonecall,gZ-37(File31)_s1_face_2019-04-08-15_56_41_37_17.avi_part2,normal_DMD
normal,phonecall,gZ-37(File31)_s1_face_2019-04-08-15_56_41_37_18.avi_part2,normal_DMD
normal,phonecall,gZ-37(File31)_s1_face_2019-04-08-15_56_41_37_19.avi_part5,normal_DMD
normal,phonecall,gZ-37(File31)_s1_face_2019-04-08-15_56_41_37_19.avi_part6,normal_DMD
normal,phonecall,gZ-37(File31)_s1_face_2019-04-08-15_56_41_37_29.avi_part1,normal_DMD
normal,phonecall,gZ-37(File31)_s1_face_2019-04-08-15_56_41_37_29.avi_part2,normal_DMD
normal,phonecall,gZ-37(File31)_s1_face_2019-04-08-15_56_41_37_3.avi_part1,normal_DMD
normal,phonecall,gZ-37(File31)_s1_face_2019-04-08-15_56_41_37_3.avi_part2,normal_DMD
normal,phonecall,gZ-37(File31)_s1_face_2019-04-08-15_56_41_37_30.avi_part1,normal_DMD
normal,phonecall,gZ-37(File31)_s1_face_2019-04-08-15_56_41_37_30.avi_part2,normal_DMD
normal,phonecall,gZ-37(File31)_s1_face_2019-04-08-15_56_41_37_30.avi_part4,normal_DMD
normal,phonecall,gZ-37(File31)_s1_face_2019-04-08-15_56_41_37_30.avi_part5,normal_DMD
normal,phonecall,gZ-37(File31)_s1_face_2019-04-08-15_56_41_37_31.avi_part1,normal_DMD
normal,phonecall,gZ-37(File31)_s1_face_2019-04-08-15_56_41_37_31.avi_part2,normal_DMD
normal,phonecall,gZ-37(File31)_s1_face_2019-04-08-15_56_41_37_6.avi_part1,normal_DMD
normal,phonecall,gZ-37(File31)_s1_face_2019-04-08-15_56_41_37_9.avi_part1,normal_DMD
normal,phonecall,gZ-37(File31)_s2_face_2019-04-08-15_45_15_37_3.avi_part1,normal_DMD
normal,phonecall,gZ-37(File31)_s2_face_2019-04-08-15_45_15_37_7.avi_part4,normal_DMD
normal,phonecall,gZ-37(File31)_s3_face_2019-04-29-12_10_11_37_2.avi_part1,normal_DMD
normal,phonecall,gZ-37(File31)_s4_face_2019-04-03-15_40_42_37_12.avi_part1,normal_DMD
normal,phonecall,gZ-37(File31)_s4_face_2019-04-03-15_40_42_37_16.avi_part1,normal_DMD
normal,phonecall,gZ-37(File31)_s4_face_2019-04-03-15_40_42_37_3.avi_part2,normal_DMD
normal,phonecall,gZ-37(File31)_s4_face_2019-04-03-15_40_42_37_4.avi_part2,normal_DMD
normal,phonecall,gZ-37(File31)_s4_face_2019-04-03-15_40_42_37_5.avi_part2,normal_DMD
normal,phonecall,gZ-37(File31)_s4_face_2019-04-03-15_40_42_37_5.avi_part3,normal_DMD
normal,phonecall,gZ-37(File31)_s4_face_2019-04-03-15_40_42_37_5.avi_part4,normal_DMD
normal,phonecall,gZ-37(File31)_s4_face_2019-04-03-15_40_42_37_5.avi_part5,normal_DMD
normal,phonecall,gZ-37(File31)_s4_face_2019-04-03-15_40_42_37_6.avi_part2,normal_DMD
normal,phonecall,gZ-37(File31)_s4_face_2019-04-03-15_40_42_37_8.avi_part2,normal_DMD
normal,phonecall,gZ-37(File31)_s4_face_2019-04-03-15_40_42_37_9.avi_part1,normal_DMD
normal,phonecall,mirror17-FemaleNoGlasses-Yawning-clip-2_part1,normal_yawDD_0309
normal,phonecall,mirror18-MaleNoGlasses-Yawning-clip-0_part1,normal_yawDD_0309
normal,phonecall,mirror46-MaleGlasses-Yawning-clip-0_part3,normal_yawDD_0309
phonecall,normal,gE-28(File18)_s2_face_2019-03-15-10_12_30_28_0.avi_part11,phonecall_DMD
phonecall,normal,gE-28(File18)_s2_face_2019-03-15-10_12_30_28_0.avi_part12,phonecall_DMD
phonecall,normal,gE-28(File18)_s2_face_2019-03-15-10_12_30_28_0.avi_part14,phonecall_DMD
phonecall,normal,gE-28(File18)_s2_face_2019-03-15-10_12_30_28_0.avi_part15,phonecall_DMD
phonecall,normal,gE-28(File18)_s2_face_2019-03-15-10_12_30_28_0.avi_part16,phonecall_DMD
phonecall,normal,gE-28(File18)_s2_face_2019-03-15-10_12_30_28_0.avi_part2,phonecall_DMD
phonecall,normal,gE-28(File18)_s2_face_2019-03-15-10_12_30_28_0.avi_part4,phonecall_DMD
phonecall,normal,gE-28(File18)_s2_face_2019-03-15-10_12_30_28_0.avi_part9,phonecall_DMD
phonecall,normal,gE-28(File18)_s2_face_2019-03-15-10_12_30_28_1.avi_part12,phonecall_DMD
phonecall,normal,gE-28(File18)_s2_face_2019-03-15-10_12_30_28_1.avi_part15,phonecall_DMD
phonecall,normal,gE-28(File18)_s2_face_2019-03-15-10_12_30_28_1.avi_part18,phonecall_DMD
phonecall,normal,gE-28(File18)_s2_face_2019-03-15-10_12_30_28_1.avi_part3,phonecall_DMD
phonecall,normal,gE-28(File18)_s2_face_2019-03-15-10_12_30_28_1.avi_part6,phonecall_DMD
phonecall,normal,gE-28(File18)_s2_face_2019-03-15-10_12_30_28_1.avi_part7,phonecall_DMD
phonecall,normal,gE-28(File18)_s2_face_2019-03-15-10_12_30_28_1.avi_part8,phonecall_DMD
phonecall,normal,gE-28(File18)_s4_face_2019-03-21-10_19_50_28_0.avi_part13,phonecall_DMD
phonecall,normal,gE-28(File18)_s4_face_2019-03-21-10_19_50_28_0.avi_part4,phonecall_DMD
phonecall,normal,gE-28(File18)_s4_face_2019-03-21-10_19_50_28_0.avi_part5,phonecall_DMD
phonecall,normal,gE-28(File18)_s4_face_2019-03-21-10_19_50_28_0.avi_part6,phonecall_DMD
phonecall,normal,gE-28(File18)_s4_face_2019-03-21-10_19_50_28_0.avi_part7,phonecall_DMD
phonecall,normal,gE-28(File18)_s4_face_2019-03-21-10_19_50_28_0.avi_part8,phonecall_DMD
phonecall,normal,gE-28(File18)_s4_face_2019-03-21-10_19_50_28_0.avi_part9,phonecall_DMD
phonecall,normal,gE-28(File18)_s4_face_2019-03-21-10_19_50_28_2.avi_part3,phonecall_DMD
phonecall,normal,gE-28(File18)_s4_face_2019-03-21-10_19_50_28_2.avi_part4,phonecall_DMD
phonecall,normal,gE-28(File18)_s4_face_2019-03-21-10_19_50_28_2.avi_part5,phonecall_DMD
phonecall,normal,gE-28(File18)_s4_face_2019-03-21-10_19_50_28_2.avi_part6,phonecall_DMD
phonecall,normal,gE-28(File18)_s4_face_2019-03-21-10_19_50_28_2.avi_part7,phonecall_DMD
phonecall,normal,gF-22(File21)_s2_face_2019-03-04-14_47_01_22_0.avi_part1,phonecall_DMD
phonecall,normal,gF-22(File21)_s2_face_2019-03-04-14_47_01_22_0.avi_part12,phonecall_DMD
phonecall,normal,gF-22(File21)_s2_face_2019-03-04-14_47_01_22_0.avi_part16,phonecall_DMD
phonecall,normal,gF-22(File21)_s2_face_2019-03-04-14_47_01_22_0.avi_part17,phonecall_DMD
phonecall,normal,gF-22(File21)_s2_face_2019-03-04-14_47_01_22_0.avi_part2,phonecall_DMD
phonecall,normal,gF-22(File21)_s2_face_2019-03-04-14_47_01_22_0.avi_part6,phonecall_DMD
phonecall,normal,gF-22(File21)_s2_face_2019-03-04-14_47_01_22_0.avi_part9,phonecall_DMD
phonecall,normal,gF-22(File21)_s2_face_2019-03-04-14_47_01_22_1.avi_part11,phonecall_DMD
phonecall,normal,gF-22(File21)_s2_face_2019-03-04-14_47_01_22_1.avi_part12,phonecall_DMD
phonecall,normal,gF-22(File21)_s2_face_2019-03-04-14_47_01_22_1.avi_part13,phonecall_DMD
phonecall,normal,gF-22(File21)_s2_face_2019-03-04-14_47_01_22_1.avi_part2,phonecall_DMD
phonecall,normal,gF-22(File21)_s2_face_2019-03-04-14_47_01_22_1.avi_part5,phonecall_DMD
phonecall,normal,gF-22(File21)_s2_face_2019-03-04-14_47_01_22_1.avi_part6,phonecall_DMD
phonecall,normal,gF-22(File21)_s2_face_2019-03-04-14_47_01_22_1.avi_part7,phonecall_DMD
phonecall,normal,gF-22(File21)_s2_face_2019-03-04-14_47_01_22_1.avi_part8,phonecall_DMD
phonecall,normal,gF-22(File21)_s2_face_2019-03-04-14_47_01_22_1.avi_part9,phonecall_DMD
phonecall,normal,gF-22(File21)_s2_face_2019-04-09-11_41_13_22_0.avi_part10,phonecall_DMD
phonecall,normal,gF-22(File21)_s2_face_2019-04-09-11_41_13_22_0.avi_part12,phonecall_DMD
phonecall,normal,gF-22(File21)_s2_face_2019-04-09-11_41_13_22_0.avi_part14,phonecall_DMD
phonecall,normal,gF-22(File21)_s2_face_2019-04-09-11_41_13_22_0.avi_part16,phonecall_DMD
phonecall,yawn,gF-22(File21)_s2_face_2019-04-09-11_41_13_22_0.avi_part17,phonecall_DMD
phonecall,normal,gF-22(File21)_s2_face_2019-04-09-11_41_13_22_0.avi_part18,phonecall_DMD
phonecall,normal,gF-22(File21)_s2_face_2019-04-09-11_41_13_22_0.avi_part19,phonecall_DMD
phonecall,normal,gF-22(File21)_s2_face_2019-04-09-11_41_13_22_0.avi_part22,phonecall_DMD
phonecall,normal,gF-22(File21)_s2_face_2019-04-09-11_41_13_22_0.avi_part3,phonecall_DMD
phonecall,normal,gF-22(File21)_s2_face_2019-04-09-11_41_13_22_0.avi_part30,phonecall_DMD
phonecall,yawn,gF-22(File21)_s2_face_2019-04-09-11_41_13_22_0.avi_part9,phonecall_DMD
phonecall,normal,gF-22(File21)_s2_face_2019-04-09-11_41_13_22_1.avi_part10,phonecall_DMD
phonecall,normal,gF-22(File21)_s2_face_2019-04-09-11_41_13_22_1.avi_part11,phonecall_DMD
phonecall,normal,gF-22(File21)_s2_face_2019-04-09-11_41_13_22_1.avi_part12,phonecall_DMD
phonecall,normal,gF-22(File21)_s2_face_2019-04-09-11_41_13_22_1.avi_part13,phonecall_DMD
phonecall,normal,gF-22(File21)_s2_face_2019-04-09-11_41_13_22_1.avi_part14,phonecall_DMD
phonecall,normal,gF-22(File21)_s2_face_2019-04-09-11_41_13_22_1.avi_part2,phonecall_DMD
phonecall,normal,gF-22(File21)_s2_face_2019-04-09-11_41_13_22_1.avi_part3,phonecall_DMD
phonecall,normal,gF-22(File21)_s2_face_2019-04-09-11_41_13_22_1.avi_part5,phonecall_DMD
phonecall,normal,gF-22(File21)_s2_face_2019-04-09-11_41_13_22_1.avi_part7,phonecall_DMD
phonecall,normal,gF-22(File21)_s2_face_2019-04-09-11_41_13_22_1.avi_part8,phonecall_DMD
phonecall,normal,gF-22(File21)_s4_face_2019-03-20-09_53_15_22_0.avi_part10,phonecall_DMD
phonecall,normal,gF-22(File21)_s4_face_2019-03-20-09_53_15_22_0.avi_part13,phonecall_DMD
phonecall,normal,gF-22(File21)_s4_face_2019-03-20-09_53_15_22_0.avi_part14,phonecall_DMD
phonecall,normal,gF-22(File21)_s4_face_2019-03-20-09_53_15_22_0.avi_part3,phonecall_DMD
phonecall,normal,gF-22(File21)_s4_face_2019-03-20-09_53_15_22_0.avi_part4,phonecall_DMD
phonecall,normal,gF-22(File21)_s4_face_2019-03-20-09_53_15_22_0.avi_part5,phonecall_DMD
phonecall,normal,gF-22(File21)_s4_face_2019-03-20-09_53_15_22_0.avi_part6,phonecall_DMD
phonecall,normal,gF-22(File21)_s4_face_2019-03-20-09_53_15_22_0.avi_part8,phonecall_DMD
phonecall,normal,gF-22(File21)_s4_face_2019-03-20-09_53_15_22_0.avi_part9,phonecall_DMD
phonecall,normal,gF-22(File21)_s4_face_2019-03-20-09_53_15_22_1.avi_part8,phonecall_DMD
phonecall,normal,gF-22(File21)_s4_face_2019-03-25-14_22_00_22_0.avi_part6,phonecall_DMD
phonecall,normal,gF-22(File21)_s4_face_2019-03-25-14_22_00_22_0.avi_part7,phonecall_DMD
phonecall,normal,gF-22(File21)_s4_face_2019-03-25-14_22_00_22_0.avi_part8,phonecall_DMD
phonecall,normal,gF-22(File21)_s4_face_2019-03-25-14_22_00_22_0.avi_part9,phonecall_DMD
phonecall,normal,gF-22(File21)_s4_face_2019-03-25-14_22_00_22_1.avi_part12,phonecall_DMD
phonecall,normal,gF-22(File21)_s4_face_2019-03-25-14_22_00_22_1.avi_part17,phonecall_DMD
phonecall,normal,gF-22(File21)_s4_face_2019-03-25-14_22_00_22_1.avi_part21,phonecall_DMD
phonecall,normal,gF-22(File21)_s4_face_2019-03-25-14_22_00_22_1.avi_part3,phonecall_DMD
phonecall,normal,gF-22(File21)_s4_face_2019-03-25-14_22_00_22_1.avi_part4,phonecall_DMD
phonecall,normal,gF-22(File21)_s4_face_2019-03-25-14_22_00_22_1.avi_part5,phonecall_DMD
phonecall,normal,gF-22(File21)_s4_face_2019-03-25-14_22_00_22_1.avi_part6,phonecall_DMD
phonecall,normal,gF-22(File21)_s4_face_2019-03-25-14_22_00_22_1.avi_part7,phonecall_DMD
phonecall,normal,gF-22(File21)_s4_face_2019-03-25-14_22_00_22_1.avi_part8,phonecall_DMD
phonecall,normal,gF-22(File21)_s4_face_2019-03-25-14_22_00_22_1.avi_part9,phonecall_DMD
phonecall,normal,gZ-33(File27)_s2_face_2019-04-08-09_59_25_33_0.avi_part11,phonecall_DMD
phonecall,normal,gZ-33(File27)_s2_face_2019-04-08-09_59_25_33_0.avi_part16,phonecall_DMD
phonecall,normal,gZ-33(File27)_s2_face_2019-04-08-09_59_25_33_0.avi_part18,phonecall_DMD
phonecall,normal,gZ-33(File27)_s2_face_2019-04-08-09_59_25_33_0.avi_part6,phonecall_DMD
phonecall,normal,gZ-33(File27)_s2_face_2019-04-08-09_59_25_33_0.avi_part7,phonecall_DMD
phonecall,normal,gZ-33(File27)_s2_face_2019-04-08-09_59_25_33_1.avi_part10,phonecall_DMD
phonecall,yawn,gZ-33(File27)_s2_face_2019-04-08-09_59_25_33_1.avi_part11,phonecall_DMD
phonecall,normal,gZ-33(File27)_s2_face_2019-04-08-09_59_25_33_1.avi_part12,phonecall_DMD
phonecall,normal,gZ-33(File27)_s2_face_2019-04-08-09_59_25_33_1.avi_part13,phonecall_DMD
phonecall,normal,gZ-33(File27)_s2_face_2019-04-08-09_59_25_33_1.avi_part14,phonecall_DMD
phonecall,normal,gZ-33(File27)_s2_face_2019-04-08-09_59_25_33_1.avi_part15,phonecall_DMD
phonecall,normal,gZ-33(File27)_s2_face_2019-04-08-09_59_25_33_1.avi_part16,phonecall_DMD
phonecall,normal,gZ-33(File27)_s2_face_2019-04-08-09_59_25_33_1.avi_part17,phonecall_DMD
phonecall,normal,gZ-33(File27)_s2_face_2019-04-08-09_59_25_33_1.avi_part2,phonecall_DMD
phonecall,normal,gZ-33(File27)_s2_face_2019-04-08-09_59_25_33_1.avi_part7,phonecall_DMD
phonecall,normal,gZ-33(File27)_s2_face_2019-04-08-09_59_25_33_1.avi_part8,phonecall_DMD
phonecall,normal,gZ-33(File27)_s2_face_2019-04-08-09_59_25_33_1.avi_part9,phonecall_DMD
phonecall,normal,gZ-33(File27)_s2_face_2019-04-08-16_09_44_33_0.avi_part12,phonecall_DMD
phonecall,normal,gZ-33(File27)_s2_face_2019-04-08-16_09_44_33_0.avi_part13,phonecall_DMD
phonecall,normal,gZ-33(File27)_s2_face_2019-04-08-16_09_44_33_0.avi_part14,phonecall_DMD
phonecall,normal,gZ-33(File27)_s2_face_2019-04-08-16_09_44_33_0.avi_part16,phonecall_DMD
phonecall,normal,gZ-33(File27)_s2_face_2019-04-08-16_09_44_33_0.avi_part18,phonecall_DMD
phonecall,normal,gZ-33(File27)_s2_face_2019-04-08-16_09_44_33_0.avi_part19,phonecall_DMD
phonecall,yawn,gZ-33(File27)_s2_face_2019-04-08-16_09_44_33_0.avi_part20,phonecall_DMD
phonecall,normal,gZ-33(File27)_s2_face_2019-04-08-16_09_44_33_0.avi_part22,phonecall_DMD
phonecall,normal,gZ-33(File27)_s2_face_2019-04-08-16_09_44_33_0.avi_part23,phonecall_DMD
phonecall,normal,gZ-33(File27)_s2_face_2019-04-08-16_09_44_33_0.avi_part7,phonecall_DMD
phonecall,normal,gZ-33(File27)_s2_face_2019-04-08-16_09_44_33_1.avi_part10,phonecall_DMD
phonecall,normal,gZ-33(File27)_s2_face_2019-04-08-16_09_44_33_1.avi_part12,phonecall_DMD
phonecall,normal,gZ-33(File27)_s2_face_2019-04-08-16_09_44_33_1.avi_part14,phonecall_DMD
phonecall,normal,gZ-33(File27)_s2_face_2019-04-08-16_09_44_33_1.avi_part21,phonecall_DMD
phonecall,normal,gZ-33(File27)_s2_face_2019-04-08-16_09_44_33_1.avi_part4,phonecall_DMD
phonecall,normal,gZ-33(File27)_s2_face_2019-04-08-16_09_44_33_1.avi_part9,phonecall_DMD
phonecall,normal,gZ-33(File27)_s4_face_2019-04-02-09_08_46_33_0.avi_part10,phonecall_DMD
phonecall,normal,gZ-33(File27)_s4_face_2019-04-02-09_08_46_33_0.avi_part11,phonecall_DMD
phonecall,normal,gZ-33(File27)_s4_face_2019-04-02-09_08_46_33_0.avi_part12,phonecall_DMD
phonecall,normal,gZ-33(File27)_s4_face_2019-04-02-09_08_46_33_0.avi_part13,phonecall_DMD
phonecall,normal,gZ-33(File27)_s4_face_2019-04-02-09_08_46_33_0.avi_part14,phonecall_DMD
phonecall,normal,gZ-33(File27)_s4_face_2019-04-02-09_08_46_33_0.avi_part16,phonecall_DMD
phonecall,normal,gZ-33(File27)_s4_face_2019-04-02-09_08_46_33_0.avi_part17,phonecall_DMD
phonecall,normal,gZ-33(File27)_s4_face_2019-04-02-09_08_46_33_0.avi_part20,phonecall_DMD
phonecall,yawn,gZ-33(File27)_s4_face_2019-04-02-09_08_46_33_0.avi_part3,phonecall_DMD
phonecall,normal,gZ-33(File27)_s4_face_2019-04-02-09_08_46_33_0.avi_part7,phonecall_DMD
phonecall,normal,gZ-33(File27)_s4_face_2019-04-02-09_08_46_33_0.avi_part9,phonecall_DMD
phonecall,normal,gZ-33(File27)_s4_face_2019-04-02-09_08_46_33_1.avi_part1,phonecall_DMD
phonecall,normal,gZ-33(File27)_s4_face_2019-04-02-09_08_46_33_1.avi_part2,phonecall_DMD
phonecall,normal,gZ-33(File27)_s4_face_2019-04-02-09_08_46_33_2.avi_part11,phonecall_DMD
phonecall,normal,gZ-33(File27)_s4_face_2019-04-02-09_08_46_33_2.avi_part12,phonecall_DMD
phonecall,normal,gZ-33(File27)_s4_face_2019-04-02-09_08_46_33_2.avi_part15,phonecall_DMD
phonecall,normal,gZ-33(File27)_s4_face_2019-04-02-09_08_46_33_2.avi_part18,phonecall_DMD
phonecall,normal,gZ-33(File27)_s4_face_2019-04-02-09_08_46_33_2.avi_part3,phonecall_DMD
phonecall,yawn,gZ-33(File27)_s4_face_2019-04-02-09_08_46_33_2.avi_part5,phonecall_DMD
phonecall,normal,gZ-33(File27)_s4_face_2019-04-03-09_22_03_33_0.avi_part1,phonecall_DMD
phonecall,normal,gZ-33(File27)_s4_face_2019-04-03-09_22_03_33_1.avi_part1,phonecall_DMD
phonecall,normal,gZ-33(File27)_s4_face_2019-04-03-09_22_03_33_1.avi_part10,phonecall_DMD
phonecall,normal,gZ-33(File27)_s4_face_2019-04-03-09_22_03_33_1.avi_part16,phonecall_DMD
phonecall,normal,gZ-33(File27)_s4_face_2019-04-03-09_22_03_33_1.avi_part18,phonecall_DMD
phonecall,normal,gZ-33(File27)_s4_face_2019-04-03-09_22_03_33_1.avi_part3,phonecall_DMD
phonecall,normal,gZ-33(File27)_s4_face_2019-04-03-09_22_03_33_1.avi_part4,phonecall_DMD
phonecall,normal,gZ-33(File27)_s4_face_2019-04-03-09_22_03_33_2.avi_part10,phonecall_DMD
phonecall,yawn,gZ-33(File27)_s4_face_2019-04-03-09_22_03_33_2.avi_part8,phonecall_DMD
phonecall,normal,gZ-33(File27)_s4_face_2019-04-03-09_22_03_33_3.avi_part1,phonecall_DMD
phonecall,normal,gZ-33(File27)_s4_face_2019-04-03-09_22_03_33_3.avi_part2,phonecall_DMD
phonecall,normal,gZ-33(File27)_s4_face_2019-04-03-09_22_03_33_3.avi_part5,phonecall_DMD
phonecall,normal,gZ-37(File31)_s2_face_2019-04-08-15_45_15_37_0.avi_part1,phonecall_DMD
phonecall,normal,gZ-37(File31)_s2_face_2019-04-08-15_45_15_37_0.avi_part17,phonecall_DMD
phonecall,normal,gZ-37(File31)_s2_face_2019-04-08-15_45_15_37_0.avi_part6,phonecall_DMD
phonecall,yawn,gZ-37(File31)_s2_face_2019-04-08-15_45_15_37_0.avi_part7,phonecall_DMD
phonecall,normal,gZ-37(File31)_s2_face_2019-04-08-15_45_15_37_0.avi_part8,phonecall_DMD
phonecall,normal,gZ-37(File31)_s2_face_2019-04-08-15_45_15_37_0.avi_part9,phonecall_DMD
phonecall,normal,gZ-37(File31)_s2_face_2019-04-08-15_45_15_37_1.avi_part14,phonecall_DMD
phonecall,normal,gZ-37(File31)_s2_face_2019-04-08-15_45_15_37_1.avi_part2,phonecall_DMD
phonecall,normal,gZ-37(File31)_s2_face_2019-04-08-15_45_15_37_1.avi_part3,phonecall_DMD
phonecall,normal,gZ-37(File31)_s2_face_2019-04-08-15_45_15_37_1.avi_part4,phonecall_DMD
phonecall,normal,gZ-37(File31)_s2_face_2019-04-08-15_45_15_37_1.avi_part7,phonecall_DMD
phonecall,normal,gZ-37(File31)_s4_face_2019-04-03-15_40_42_37_0.avi_part12,phonecall_DMD
phonecall,normal,gZ-37(File31)_s4_face_2019-04-03-15_40_42_37_0.avi_part4,phonecall_DMD
phonecall,normal,gZ-37(File31)_s4_face_2019-04-03-15_40_42_37_1.avi_part1,phonecall_DMD
phonecall,normal,gZ-37(File31)_s4_face_2019-04-03-15_40_42_37_1.avi_part12,phonecall_DMD
phonecall,normal,gZ-37(File31)_s4_face_2019-04-03-15_40_42_37_1.avi_part14,phonecall_DMD
phonecall,normal,gZ-37(File31)_s4_face_2019-04-03-15_40_42_37_1.avi_part2,phonecall_DMD
phonecall,normal,gZ-37(File31)_s4_face_2019-04-03-15_40_42_37_1.avi_part7,phonecall_DMD
phonecall,normal,gZ-37(File31)_s4_face_2019-04-03-15_40_42_37_1.avi_part8,phonecall_DMD
text,normal,gE-28(File18)_s2_face_2019-03-15-10_12_30_28_1.avi_part1,text_DMD
text,normal,gE-28(File18)_s2_face_2019-03-15-10_12_30_28_1.avi_part2,text_DMD
text,normal,gE-28(File18)_s2_face_2019-03-15-10_12_30_28_1.avi_part3,text_DMD
text,normal,gE-28(File18)_s2_face_2019-03-15-10_12_30_28_1.avi_part4,text_DMD
text,normal,gE-28(File18)_s2_face_2019-03-15-10_12_30_28_1.avi_part5,text_DMD
text,phonecall,gE-28(File18)_s2_face_2019-03-15-10_12_30_28_1.avi_part6,text_DMD
text,normal,gE-28(File18)_s2_face_2019-03-15-10_12_30_28_1.avi_part7,text_DMD
text,normal,gE-28(File18)_s2_face_2019-03-15-10_12_30_28_1.avi_part8,text_DMD
text,normal,gE-28(File18)_s2_face_2019-03-15-10_12_30_28_1.avi_part9,text_DMD
text,normal,gE-28(File18)_s2_face_2019-03-15-10_12_30_28_2.avi_part1,text_DMD
text,normal,gE-28(File18)_s2_face_2019-03-15-10_12_30_28_2.avi_part10,text_DMD
text,normal,gE-28(File18)_s2_face_2019-03-15-10_12_30_28_2.avi_part11,text_DMD
text,normal,gE-28(File18)_s2_face_2019-03-15-10_12_30_28_2.avi_part2,text_DMD
text,normal,gE-28(File18)_s2_face_2019-03-15-10_12_30_28_2.avi_part3,text_DMD
text,normal,gE-28(File18)_s2_face_2019-03-15-10_12_30_28_2.avi_part4,text_DMD
text,normal,gE-28(File18)_s2_face_2019-03-15-10_12_30_28_2.avi_part5,text_DMD
text,normal,gE-28(File18)_s2_face_2019-03-15-10_12_30_28_2.avi_part6,text_DMD
text,normal,gE-28(File18)_s2_face_2019-03-15-10_12_30_28_2.avi_part7,text_DMD
text,normal,gE-28(File18)_s2_face_2019-03-15-10_12_30_28_2.avi_part8,text_DMD
text,normal,gE-28(File18)_s2_face_2019-03-15-10_12_30_28_2.avi_part9,text_DMD
text,normal,gE-28(File18)_s4_face_2019-03-21-10_19_50_28_0.avi_part1,text_DMD
text,normal,gE-28(File18)_s4_face_2019-03-21-10_19_50_28_0.avi_part2,text_DMD
text,normal,gE-28(File18)_s4_face_2019-03-21-10_19_50_28_0.avi_part3,text_DMD
text,normal,gE-28(File18)_s4_face_2019-03-21-10_19_50_28_0.avi_part4,text_DMD
text,normal,gE-28(File18)_s4_face_2019-03-21-10_19_50_28_0.avi_part5,text_DMD
text,normal,gE-28(File18)_s4_face_2019-03-21-10_19_50_28_0.avi_part6,text_DMD
text,normal,gE-28(File18)_s4_face_2019-03-21-10_19_50_28_0.avi_part7,text_DMD
text,normal,gE-28(File18)_s4_face_2019-03-21-10_19_50_28_0.avi_part8,text_DMD
text,phonecall,gE-28(File18)_s4_face_2019-03-21-10_19_50_28_2.avi_part1,text_DMD
text,normal,gE-28(File18)_s4_face_2019-03-21-10_19_50_28_2.avi_part2,text_DMD
text,normal,gE-28(File18)_s4_face_2019-03-21-10_19_50_28_3.avi_part1,text_DMD
text,normal,gE-28(File18)_s4_face_2019-03-21-10_19_50_28_3.avi_part2,text_DMD
text,normal,gE-28(File18)_s4_face_2019-03-21-10_19_50_28_3.avi_part3,text_DMD
text,normal,gE-28(File18)_s4_face_2019-03-21-10_19_50_28_3.avi_part4,text_DMD
text,normal,gE-28(File18)_s4_face_2019-03-21-10_19_50_28_3.avi_part5,text_DMD
text,phonecall,gF-22(File21)_s2_face_2019-03-04-14_47_01_22_0.avi_part1,text_DMD
text,normal,gF-22(File21)_s2_face_2019-03-04-14_47_01_22_0.avi_part2,text_DMD
text,normal,gF-22(File21)_s2_face_2019-03-04-14_47_01_22_0.avi_part3,text_DMD
text,normal,gF-22(File21)_s2_face_2019-03-04-14_47_01_22_0.avi_part4,text_DMD
text,normal,gF-22(File21)_s2_face_2019-03-04-14_47_01_22_0.avi_part5,text_DMD
text,normal,gF-22(File21)_s2_face_2019-03-04-14_47_01_22_0.avi_part6,text_DMD
text,normal,gF-22(File21)_s2_face_2019-03-04-14_47_01_22_1.avi_part1,text_DMD
text,phonecall,gF-22(File21)_s2_face_2019-03-04-14_47_01_22_1.avi_part2,text_DMD
text,phonecall,gF-22(File21)_s2_face_2019-03-04-14_47_01_22_1.avi_part3,text_DMD
text,phonecall,gF-22(File21)_s2_face_2019-03-04-14_47_01_22_1.avi_part4,text_DMD
text,phonecall,gF-22(File21)_s2_face_2019-03-04-14_47_01_22_1.avi_part5,text_DMD
text,phonecall,gF-22(File21)_s2_face_2019-03-04-14_47_01_22_1.avi_part6,text_DMD
text,normal,gF-22(File21)_s2_face_2019-03-04-14_47_01_22_2.avi_part1,text_DMD
text,normal,gF-22(File21)_s2_face_2019-03-04-14_47_01_22_2.avi_part2,text_DMD
text,normal,gF-22(File21)_s2_face_2019-03-04-14_47_01_22_2.avi_part3,text_DMD
text,normal,gF-22(File21)_s2_face_2019-03-04-14_47_01_22_2.avi_part4,text_DMD
text,normal,gF-22(File21)_s2_face_2019-03-04-14_47_01_22_2.avi_part5,text_DMD
text,normal,gF-22(File21)_s2_face_2019-03-04-14_47_01_22_2.avi_part6,text_DMD
text,normal,gF-22(File21)_s2_face_2019-04-09-11_41_13_22_0.avi_part1,text_DMD
text,normal,gF-22(File21)_s2_face_2019-04-09-11_41_13_22_0.avi_part2,text_DMD
text,normal,gF-22(File21)_s2_face_2019-04-09-11_41_13_22_0.avi_part3,text_DMD
text,normal,gF-22(File21)_s2_face_2019-04-09-11_41_13_22_0.avi_part4,text_DMD
text,normal,gF-22(File21)_s2_face_2019-04-09-11_41_13_22_0.avi_part5,text_DMD
text,phonecall,gF-22(File21)_s2_face_2019-04-09-11_41_13_22_0.avi_part6,text_DMD
text,normal,gF-22(File21)_s2_face_2019-04-09-11_41_13_22_0.avi_part7,text_DMD
text,normal,gF-22(File21)_s2_face_2019-04-09-11_41_13_22_0.avi_part8,text_DMD
text,normal,gF-22(File21)_s2_face_2019-04-09-11_41_13_22_1.avi_part1,text_DMD
text,normal,gF-22(File21)_s2_face_2019-04-09-11_41_13_22_1.avi_part2,text_DMD
text,normal,gF-22(File21)_s2_face_2019-04-09-11_41_13_22_1.avi_part3,text_DMD
text,normal,gF-22(File21)_s2_face_2019-04-09-11_41_13_22_1.avi_part4,text_DMD
text,normal,gF-22(File21)_s2_face_2019-04-09-11_41_13_22_1.avi_part5,text_DMD
text,normal,gF-22(File21)_s2_face_2019-04-09-11_41_13_22_1.avi_part6,text_DMD
text,normal,gF-22(File21)_s2_face_2019-04-09-11_41_13_22_1.avi_part7,text_DMD
text,normal,gF-22(File21)_s2_face_2019-04-09-11_41_13_22_1.avi_part8,text_DMD
text,phonecall,gF-22(File21)_s4_face_2019-03-20-09_53_15_22_0.avi_part1,text_DMD
text,phonecall,gF-22(File21)_s4_face_2019-03-20-09_53_15_22_0.avi_part2,text_DMD
text,phonecall,gF-22(File21)_s4_face_2019-03-20-09_53_15_22_0.avi_part3,text_DMD
text,phonecall,gF-22(File21)_s4_face_2019-03-20-09_53_15_22_0.avi_part4,text_DMD
text,normal,gF-22(File21)_s4_face_2019-03-20-09_53_15_22_0.avi_part5,text_DMD
text,normal,gF-22(File21)_s4_face_2019-03-20-09_53_15_22_0.avi_part6,text_DMD
text,normal,gF-22(File21)_s4_face_2019-03-20-09_53_15_22_1.avi_part1,text_DMD
text,normal,gF-22(File21)_s4_face_2019-03-20-09_53_15_22_1.avi_part2,text_DMD
text,normal,gF-22(File21)_s4_face_2019-03-20-09_53_15_22_1.avi_part3,text_DMD
text,normal,gF-22(File21)_s4_face_2019-03-20-09_53_15_22_1.avi_part4,text_DMD
text,normal,gF-22(File21)_s4_face_2019-03-20-09_53_15_22_1.avi_part5,text_DMD
text,normal,gF-22(File21)_s4_face_2019-03-20-09_53_15_22_1.avi_part6,text_DMD
text,normal,gF-22(File21)_s4_face_2019-03-20-09_53_15_22_3.avi_part1,text_DMD
text,normal,gF-22(File21)_s4_face_2019-03-20-09_53_15_22_3.avi_part2,text_DMD
text,normal,gF-22(File21)_s4_face_2019-03-20-09_53_15_22_3.avi_part3,text_DMD
text,normal,gF-22(File21)_s4_face_2019-03-20-09_53_15_22_3.avi_part4,text_DMD
text,normal,gF-22(File21)_s4_face_2019-03-20-09_53_15_22_3.avi_part5,text_DMD
text,normal,gF-22(File21)_s4_face_2019-03-25-14_22_00_22_0.avi_part1,text_DMD
text,normal,gF-22(File21)_s4_face_2019-03-25-14_22_00_22_0.avi_part2,text_DMD
text,normal,gF-22(File21)_s4_face_2019-03-25-14_22_00_22_0.avi_part3,text_DMD
text,normal,gF-22(File21)_s4_face_2019-03-25-14_22_00_22_0.avi_part4,text_DMD
text,normal,gF-22(File21)_s4_face_2019-03-25-14_22_00_22_0.avi_part5,text_DMD
text,normal,gF-22(File21)_s4_face_2019-03-25-14_22_00_22_0.avi_part6,text_DMD
text,normal,gF-22(File21)_s4_face_2019-03-25-14_22_00_22_0.avi_part7,text_DMD
text,normal,gF-22(File21)_s4_face_2019-03-25-14_22_00_22_0.avi_part8,text_DMD
text,normal,gF-22(File21)_s4_face_2019-03-25-14_22_00_22_0.avi_part9,text_DMD
text,normal,gF-22(File21)_s4_face_2019-03-25-14_22_00_22_1.avi_part1,text_DMD
text,normal,gF-22(File21)_s4_face_2019-03-25-14_22_00_22_1.avi_part2,text_DMD
text,normal,gF-22(File21)_s4_face_2019-03-25-14_22_00_22_1.avi_part3,text_DMD
text,normal,gF-22(File21)_s4_face_2019-03-25-14_22_00_22_1.avi_part4,text_DMD
text,normal,gF-22(File21)_s4_face_2019-03-25-14_22_00_22_1.avi_part5,text_DMD
text,normal,gF-22(File21)_s4_face_2019-03-25-14_22_00_22_1.avi_part6,text_DMD
text,normal,gF-22(File21)_s4_face_2019-03-25-14_22_00_22_1.avi_part7,text_DMD
text,normal,gF-22(File21)_s4_face_2019-03-25-14_22_00_22_1.avi_part8,text_DMD
text,normal,gZ-33(File27)_s2_face_2019-04-08-09_59_25_33_0.avi_part1,text_DMD
text,normal,gZ-33(File27)_s2_face_2019-04-08-09_59_25_33_0.avi_part2,text_DMD
text,normal,gZ-33(File27)_s2_face_2019-04-08-09_59_25_33_0.avi_part3,text_DMD
text,normal,gZ-33(File27)_s2_face_2019-04-08-09_59_25_33_0.avi_part4,text_DMD
text,normal,gZ-33(File27)_s2_face_2019-04-08-09_59_25_33_0.avi_part5,text_DMD
text,normal,gZ-33(File27)_s2_face_2019-04-08-09_59_25_33_0.avi_part6,text_DMD
text,normal,gZ-33(File27)_s2_face_2019-04-08-09_59_25_33_0.avi_part7,text_DMD
text,normal,gZ-33(File27)_s2_face_2019-04-08-09_59_25_33_1.avi_part1,text_DMD
text,phonecall,gZ-33(File27)_s2_face_2019-04-08-09_59_25_33_1.avi_part2,text_DMD
text,phonecall,gZ-33(File27)_s2_face_2019-04-08-09_59_25_33_1.avi_part3,text_DMD
text,normal,gZ-33(File27)_s2_face_2019-04-08-09_59_25_33_1.avi_part4,text_DMD
text,normal,gZ-33(File27)_s2_face_2019-04-08-09_59_25_33_1.avi_part5,text_DMD
text,normal,gZ-33(File27)_s2_face_2019-04-08-09_59_25_33_1.avi_part6,text_DMD
text,phonecall,gZ-33(File27)_s2_face_2019-04-08-09_59_25_33_1.avi_part7,text_DMD
text,phonecall,gZ-33(File27)_s2_face_2019-04-08-16_09_44_33_0.avi_part1,text_DMD
text,phonecall,gZ-33(File27)_s2_face_2019-04-08-16_09_44_33_0.avi_part10,text_DMD
text,phonecall,gZ-33(File27)_s2_face_2019-04-08-16_09_44_33_0.avi_part11,text_DMD
text,normal,gZ-33(File27)_s2_face_2019-04-08-16_09_44_33_0.avi_part12,text_DMD
text,normal,gZ-33(File27)_s2_face_2019-04-08-16_09_44_33_0.avi_part13,text_DMD
text,phonecall,gZ-33(File27)_s2_face_2019-04-08-16_09_44_33_0.avi_part14,text_DMD
text,phonecall,gZ-33(File27)_s2_face_2019-04-08-16_09_44_33_0.avi_part2,text_DMD
text,phonecall,gZ-33(File27)_s2_face_2019-04-08-16_09_44_33_0.avi_part3,text_DMD
text,normal,gZ-33(File27)_s2_face_2019-04-08-16_09_44_33_0.avi_part4,text_DMD
text,normal,gZ-33(File27)_s2_face_2019-04-08-16_09_44_33_0.avi_part5,text_DMD
text,phonecall,gZ-33(File27)_s2_face_2019-04-08-16_09_44_33_0.avi_part6,text_DMD
text,phonecall,gZ-33(File27)_s2_face_2019-04-08-16_09_44_33_0.avi_part7,text_DMD
text,phonecall,gZ-33(File27)_s2_face_2019-04-08-16_09_44_33_0.avi_part8,text_DMD
text,normal,gZ-33(File27)_s2_face_2019-04-08-16_09_44_33_0.avi_part9,text_DMD
text,phonecall,gZ-33(File27)_s2_face_2019-04-08-16_09_44_33_1.avi_part1,text_DMD
text,phonecall,gZ-33(File27)_s2_face_2019-04-08-16_09_44_33_1.avi_part10,text_DMD
text,normal,gZ-33(File27)_s2_face_2019-04-08-16_09_44_33_1.avi_part11,text_DMD
text,phonecall,gZ-33(File27)_s2_face_2019-04-08-16_09_44_33_1.avi_part2,text_DMD
text,phonecall,gZ-33(File27)_s2_face_2019-04-08-16_09_44_33_1.avi_part3,text_DMD
text,normal,gZ-33(File27)_s2_face_2019-04-08-16_09_44_33_1.avi_part4,text_DMD
text,phonecall,gZ-33(File27)_s2_face_2019-04-08-16_09_44_33_1.avi_part5,text_DMD
text,normal,gZ-33(File27)_s2_face_2019-04-08-16_09_44_33_1.avi_part6,text_DMD
text,normal,gZ-33(File27)_s2_face_2019-04-08-16_09_44_33_1.avi_part7,text_DMD
text,phonecall,gZ-33(File27)_s2_face_2019-04-08-16_09_44_33_1.avi_part8,text_DMD
text,phonecall,gZ-33(File27)_s2_face_2019-04-08-16_09_44_33_1.avi_part9,text_DMD
text,normal,gZ-33(File27)_s4_face_2019-04-02-09_08_46_33_0.avi_part1,text_DMD
text,normal,gZ-33(File27)_s4_face_2019-04-02-09_08_46_33_0.avi_part10,text_DMD
text,normal,gZ-33(File27)_s4_face_2019-04-02-09_08_46_33_0.avi_part11,text_DMD
text,normal,gZ-33(File27)_s4_face_2019-04-02-09_08_46_33_0.avi_part12,text_DMD
text,normal,gZ-33(File27)_s4_face_2019-04-02-09_08_46_33_0.avi_part13,text_DMD
text,normal,gZ-33(File27)_s4_face_2019-04-02-09_08_46_33_0.avi_part2,text_DMD
text,normal,gZ-33(File27)_s4_face_2019-04-02-09_08_46_33_0.avi_part3,text_DMD
text,normal,gZ-33(File27)_s4_face_2019-04-02-09_08_46_33_0.avi_part4,text_DMD
text,normal,gZ-33(File27)_s4_face_2019-04-02-09_08_46_33_0.avi_part5,text_DMD
text,normal,gZ-33(File27)_s4_face_2019-04-02-09_08_46_33_0.avi_part6,text_DMD
text,normal,gZ-33(File27)_s4_face_2019-04-02-09_08_46_33_0.avi_part7,text_DMD
text,normal,gZ-33(File27)_s4_face_2019-04-02-09_08_46_33_0.avi_part8,text_DMD
text,normal,gZ-33(File27)_s4_face_2019-04-02-09_08_46_33_0.avi_part9,text_DMD
text,normal,gZ-33(File27)_s4_face_2019-04-02-09_08_46_33_1.avi_part1,text_DMD
text,normal,gZ-33(File27)_s4_face_2019-04-02-09_08_46_33_1.avi_part2,text_DMD
text,normal,gZ-33(File27)_s4_face_2019-04-02-09_08_46_33_1.avi_part3,text_DMD
text,normal,gZ-33(File27)_s4_face_2019-04-02-09_08_46_33_1.avi_part4,text_DMD
text,normal,gZ-33(File27)_s4_face_2019-04-02-09_08_46_33_1.avi_part5,text_DMD
text,normal,gZ-33(File27)_s4_face_2019-04-02-09_08_46_33_1.avi_part6,text_DMD
text,normal,gZ-33(File27)_s4_face_2019-04-02-09_08_46_33_1.avi_part7,text_DMD
text,normal,gZ-33(File27)_s4_face_2019-04-03-09_22_03_33_0.avi_part1,text_DMD
text,normal,gZ-33(File27)_s4_face_2019-04-03-09_22_03_33_0.avi_part2,text_DMD
text,normal,gZ-33(File27)_s4_face_2019-04-03-09_22_03_33_1.avi_part1,text_DMD
text,normal,gZ-33(File27)_s4_face_2019-04-03-09_22_03_33_2.avi_part1,text_DMD
text,normal,gZ-33(File27)_s4_face_2019-04-03-09_22_03_33_2.avi_part2,text_DMD
text,normal,gZ-33(File27)_s4_face_2019-04-03-09_22_03_33_2.avi_part3,text_DMD
text,normal,gZ-33(File27)_s4_face_2019-04-03-09_22_03_33_2.avi_part4,text_DMD
text,normal,gZ-33(File27)_s4_face_2019-04-03-09_22_03_33_2.avi_part5,text_DMD
text,normal,gZ-33(File27)_s4_face_2019-04-03-09_22_03_33_2.avi_part6,text_DMD
text,phonecall,gZ-33(File27)_s4_face_2019-04-03-09_22_03_33_3.avi_part1,text_DMD
text,phonecall,gZ-33(File27)_s4_face_2019-04-03-09_22_03_33_3.avi_part10,text_DMD
text,normal,gZ-33(File27)_s4_face_2019-04-03-09_22_03_33_3.avi_part11,text_DMD
text,normal,gZ-33(File27)_s4_face_2019-04-03-09_22_03_33_3.avi_part12,text_DMD
text,normal,gZ-33(File27)_s4_face_2019-04-03-09_22_03_33_3.avi_part13,text_DMD
text,phonecall,gZ-33(File27)_s4_face_2019-04-03-09_22_03_33_3.avi_part14,text_DMD
text,normal,gZ-33(File27)_s4_face_2019-04-03-09_22_03_33_3.avi_part2,text_DMD
text,normal,gZ-33(File27)_s4_face_2019-04-03-09_22_03_33_3.avi_part3,text_DMD
text,normal,gZ-33(File27)_s4_face_2019-04-03-09_22_03_33_3.avi_part4,text_DMD
text,normal,gZ-33(File27)_s4_face_2019-04-03-09_22_03_33_3.avi_part5,text_DMD
text,normal,gZ-33(File27)_s4_face_2019-04-03-09_22_03_33_3.avi_part6,text_DMD
text,normal,gZ-33(File27)_s4_face_2019-04-03-09_22_03_33_3.avi_part7,text_DMD
text,phonecall,gZ-33(File27)_s4_face_2019-04-03-09_22_03_33_3.avi_part8,text_DMD
text,normal,gZ-33(File27)_s4_face_2019-04-03-09_22_03_33_3.avi_part9,text_DMD
text,normal,gZ-37(File31)_s2_face_2019-04-08-15_45_15_37_0.avi_part1,text_DMD
text,normal,gZ-37(File31)_s2_face_2019-04-08-15_45_15_37_0.avi_part2,text_DMD
text,normal,gZ-37(File31)_s2_face_2019-04-08-15_45_15_37_0.avi_part3,text_DMD
text,normal,gZ-37(File31)_s2_face_2019-04-08-15_45_15_37_0.avi_part4,text_DMD
text,normal,gZ-37(File31)_s2_face_2019-04-08-15_45_15_37_0.avi_part5,text_DMD
text,normal,gZ-37(File31)_s2_face_2019-04-08-15_45_15_37_0.avi_part6,text_DMD
text,normal,gZ-37(File31)_s2_face_2019-04-08-15_45_15_37_1.avi_part1,text_DMD
text,normal,gZ-37(File31)_s2_face_2019-04-08-15_45_15_37_1.avi_part10,text_DMD
text,normal,gZ-37(File31)_s2_face_2019-04-08-15_45_15_37_1.avi_part2,text_DMD
text,normal,gZ-37(File31)_s2_face_2019-04-08-15_45_15_37_1.avi_part3,text_DMD
text,normal,gZ-37(File31)_s2_face_2019-04-08-15_45_15_37_1.avi_part4,text_DMD
text,normal,gZ-37(File31)_s2_face_2019-04-08-15_45_15_37_1.avi_part5,text_DMD
text,normal,gZ-37(File31)_s2_face_2019-04-08-15_45_15_37_1.avi_part6,text_DMD
text,normal,gZ-37(File31)_s2_face_2019-04-08-15_45_15_37_1.avi_part7,text_DMD
text,normal,gZ-37(File31)_s2_face_2019-04-08-15_45_15_37_1.avi_part8,text_DMD
text,normal,gZ-37(File31)_s2_face_2019-04-08-15_45_15_37_1.avi_part9,text_DMD
text,normal,gZ-37(File31)_s4_face_2019-04-03-15_40_42_37_0.avi_part1,text_DMD
text,normal,gZ-37(File31)_s4_face_2019-04-03-15_40_42_37_0.avi_part10,text_DMD
text,normal,gZ-37(File31)_s4_face_2019-04-03-15_40_42_37_0.avi_part11,text_DMD
text,normal,gZ-37(File31)_s4_face_2019-04-03-15_40_42_37_0.avi_part2,text_DMD
text,normal,gZ-37(File31)_s4_face_2019-04-03-15_40_42_37_0.avi_part3,text_DMD
text,normal,gZ-37(File31)_s4_face_2019-04-03-15_40_42_37_0.avi_part4,text_DMD
text,normal,gZ-37(File31)_s4_face_2019-04-03-15_40_42_37_0.avi_part5,text_DMD
text,normal,gZ-37(File31)_s4_face_2019-04-03-15_40_42_37_0.avi_part6,text_DMD
text,normal,gZ-37(File31)_s4_face_2019-04-03-15_40_42_37_0.avi_part7,text_DMD
text,normal,gZ-37(File31)_s4_face_2019-04-03-15_40_42_37_0.avi_part8,text_DMD
text,normal,gZ-37(File31)_s4_face_2019-04-03-15_40_42_37_0.avi_part9,text_DMD
text,normal,gZ-37(File31)_s4_face_2019-04-03-15_40_42_37_1.avi_part1,text_DMD
text,phonecall,gZ-37(File31)_s4_face_2019-04-03-15_40_42_37_1.avi_part10,text_DMD
text,phonecall,gZ-37(File31)_s4_face_2019-04-03-15_40_42_37_1.avi_part11,text_DMD
text,phonecall,gZ-37(File31)_s4_face_2019-04-03-15_40_42_37_1.avi_part12,text_DMD
text,normal,gZ-37(File31)_s4_face_2019-04-03-15_40_42_37_1.avi_part2,text_DMD
text,normal,gZ-37(File31)_s4_face_2019-04-03-15_40_42_37_1.avi_part3,text_DMD
text,normal,gZ-37(File31)_s4_face_2019-04-03-15_40_42_37_1.avi_part4,text_DMD
text,normal,gZ-37(File31)_s4_face_2019-04-03-15_40_42_37_1.avi_part5,text_DMD
text,normal,gZ-37(File31)_s4_face_2019-04-03-15_40_42_37_1.avi_part6,text_DMD
text,normal,gZ-37(File31)_s4_face_2019-04-03-15_40_42_37_1.avi_part7,text_DMD
text,normal,gZ-37(File31)_s4_face_2019-04-03-15_40_42_37_1.avi_part8,text_DMD
text,normal,gZ-37(File31)_s4_face_2019-04-03-15_40_42_37_1.avi_part9,text_DMD
yawn,normal,dash10-MaleGlasses-clip-0_part1,yawn_yawDD_0309
yawn,normal,dash10-MaleGlasses-clip-0_part2,yawn_yawDD_0309
yawn,phonecall,dash16-MaleNoGlasses-clip-1_part1,yawn_yawDD_0309
yawn,normal,dash16-MaleNoGlasses-clip-1_part2,yawn_yawDD_0309
yawn,normal,dash4-MaleNoGlasses-clip-1_part2,yawn_yawDD_0309
yawn,normal,dash4-MaleNoGlasses-clip-1_part3,yawn_yawDD_0309
yawn,normal,dash5-MaleGlasses-clip-0_part1,yawn_yawDD_0309
yawn,phonecall,mirror16-FemaleGlasses-Yawning-clip-0_part1,yawn_yawDD_0309
yawn,phonecall,mirror16-FemaleGlasses-Yawning-clip-0_part2,yawn_yawDD_0309
yawn,phonecall,mirror16-FemaleGlasses-Yawning-clip-0_part3,yawn_yawDD_0309
yawn,normal,mirror17-FemaleNoGlasses-Yawning-clip-1_part1,yawn_yawDD_0309
yawn,phonecall,mirror17-FemaleNoGlasses-Yawning-clip-1_part2,yawn_yawDD_0309
yawn,normal,mirror17-FemaleNoGlasses-Yawning-clip-1_part3,yawn_yawDD_0309
yawn,phonecall,mirror21-MaleGlasses-Yawning-clip-1_part1,yawn_yawDD_0309
yawn,phonecall,mirror21-MaleGlasses-Yawning-clip-1_part2,yawn_yawDD_0309
yawn,normal,mirror21-MaleGlasses-Yawning-clip-1_part3,yawn_yawDD_0309
yawn,phonecall,mirror23-FemaleNoGlasses-Talking&Yawning-clip-1_part1,yawn_yawDD_0309
yawn,normal,mirror23-FemaleNoGlasses-Talking&Yawning-clip-1_part2,yawn_yawDD_0309
yawn,normal,mirror23-MaleGlassesBeard-Talking&Yawning-clip-0_part1,yawn_yawDD_0309
yawn,phonecall,mirror23-MaleGlassesBeard-Talking&Yawning-clip-0_part2,yawn_yawDD_0309
yawn,normal,mirror23-MaleGlassesBeard-Talking&Yawning-clip-0_part3,yawn_yawDD_0309
yawn,normal,mirror23-MaleNoGlasses-Yawning-clip-1_part1,yawn_yawDD_0309
yawn,normal,mirror23-MaleNoGlasses-Yawning-clip-1_part2,yawn_yawDD_0309
yawn,normal,mirror24-MaleGlasses-Yawning-clip-1_part1,yawn_yawDD_0309
yawn,normal,mirror24-MaleGlasses-Yawning-clip-1_part2,yawn_yawDD_0309
yawn,normal,mirror26-MaleNoGlasses-Yawning-clip-1_part1,yawn_yawDD_0309
yawn,phonecall,mirror26-MaleNoGlasses-Yawning-clip-1_part2,yawn_yawDD_0309
yawn,normal,mirror26-MaleNoGlasses-Yawning-clip-1_part3,yawn_yawDD_0309
yawn,phonecall,mirror29-MaleNoGlasses-Yawning-clip-1_part1,yawn_yawDD_0309
yawn,phonecall,mirror29-MaleNoGlasses-Yawning-clip-1_part2,yawn_yawDD_0309
yawn,normal,mirror30-MaleGlasses-Talking&Yawning-clip-1_part1,yawn_yawDD_0309
yawn,phonecall,mirror30-MaleGlasses-Talking&Yawning-clip-1_part2,yawn_yawDD_0309
yawn,phonecall,mirror30-MaleGlasses-Talking&Yawning-clip-1_part3,yawn_yawDD_0309
yawn,phonecall,mirror30-MaleGlasses-Yawning-clip-1_part2,yawn_yawDD_0309
yawn,normal,mirror30-MaleGlasses-Yawning-clip-1_part3,yawn_yawDD_0309
yawn,normal,mirror31-FemaleGlasses-Yawning-clip-0_part1,yawn_yawDD_0309
yawn,normal,mirror31-FemaleGlasses-Yawning-clip-0_part2,yawn_yawDD_0309
yawn,normal,mirror31-FemaleGlasses-Yawning-clip-0_part3,yawn_yawDD_0309
yawn,phonecall,mirror31-FemaleNoGlasses-Yawning-clip-0_part1,yawn_yawDD_0309
yawn,phonecall,mirror31-FemaleNoGlasses-Yawning-clip-0_part2,yawn_yawDD_0309
yawn,normal,mirror31-FemaleNoGlasses-Yawning-clip-0_part3,yawn_yawDD_0309
yawn,normal,mirror33-FemaleNoGlasses-Yawning-clip-0_part1,yawn_yawDD_0309
yawn,phonecall,mirror33-FemaleNoGlasses-Yawning-clip-0_part2,yawn_yawDD_0309
yawn,phonecall,mirror38-MaleNoGlasses-Yawning-clip-1_part1,yawn_yawDD_0309
yawn,phonecall,mirror38-MaleNoGlasses-Yawning-clip-1_part2,yawn_yawDD_0309
yawn,normal,mirror39-MaleGlasses-Yawning-clip-3_part1,yawn_yawDD_0309
yawn,normal,mirror39-MaleGlasses-Yawning-clip-3_part2,yawn_yawDD_0309
yawn,normal,mirror39-MaleGlasses-Yawning-clip-3_part3,yawn_yawDD_0309
yawn,phonecall,mirror41-FemaleGlasses-Yawning-clip-0_part1,yawn_yawDD_0309
yawn,phonecall,mirror41-FemaleGlasses-Yawning-clip-0_part2,yawn_yawDD_0309
yawn,normal,mirror41-MaleNoGlasses-Yawning-clip-1_part1,yawn_yawDD_0309
yawn,normal,mirror41-MaleNoGlasses-Yawning-clip-1_part3,yawn_yawDD_0309
yawn,phonecall,mirror42-MaleNoGlasses-Yawning-clip-1_part2,yawn_yawDD_0309
yawn,normal,mirror42-MaleNoGlasses-Yawning-clip-1_part3,yawn_yawDD_0309
yawn,phonecall,mirror44-MaleNoGlasses-Yawning-clip-4_part1,yawn_yawDD_0309
yawn,normal,mirror44-MaleNoGlasses-Yawning-clip-4_part2,yawn_yawDD_0309
